{"cameraMode":{"drawMode":0,"name":"Shaded","section":"Shading Mode"},"sceneLighting":false,"audioPlay":false,"sceneViewState":{"m_AlwaysRefresh":false,"showFog":true,"showSkybox":false,"showFlares":true,"showImageEffects":true,"showParticleSystems":true,"showVisualEffectGraphs":true,"m_FxEnabled":true},"in2DMode":false,"pivot":{"x":0.13903163373470307,"y":1.0373921394348145,"z":0.028856981545686723},"rotation":{"x":0.34769701957702639,"y":-0.6292040944099426,"z":0.37320104241371157,"w":0.5866143703460693},"size":0.7098661065101624,"orthographic":false}