{"cameraMode":{"drawMode":0,"name":"Shaded","section":"Shading Mode"},"sceneLighting":true,"audioPlay":false,"sceneViewState":{"m_AlwaysRefresh":false,"showFog":true,"showSkybox":true,"showFlares":true,"showImageEffects":true,"showParticleSystems":true,"showVisualEffectGraphs":true,"m_FxEnabled":true},"in2DMode":false,"pivot":{"x":0.47436845302581789,"y":2.5508434772491457,"z":2.5105323791503908},"rotation":{"x":0.10556790977716446,"y":0.4730813205242157,"z":-0.058422524482011798,"w":0.8730657696723938},"size":0.4556925892829895,"orthographic":false}