{"cameraMode":{"drawMode":0,"name":"Shaded","section":"Shading Mode"},"sceneLighting":true,"audioPlay":false,"sceneViewState":{"m_AlwaysRefresh":false,"showFog":true,"showSkybox":true,"showFlares":true,"showImageEffects":true,"showParticleSystems":true,"showVisualEffectGraphs":true,"m_FxEnabled":true},"in2DMode":false,"pivot":{"x":213.74871826171876,"y":83.01419830322266,"z":-158.75347900390626},"rotation":{"x":-0.15913070738315583,"y":-0.32750168442726138,"z":0.056025274097919467,"w":-0.9296843409538269},"size":0.4898967146873474,"orthographic":false}