{"cameraMode":{"drawMode":0,"name":"Shaded","section":"Shading Mode"},"sceneLighting":true,"audioPlay":false,"sceneViewState":{"m_AlwaysRefresh":false,"showFog":true,"showSkybox":true,"showFlares":true,"showImageEffects":true,"showParticleSystems":true,"showVisualEffectGraphs":true,"m_FxEnabled":true},"in2DMode":false,"pivot":{"x":1.0271819829940797,"y":-3.7638063430786135,"z":-4.598458766937256},"rotation":{"x":0.0003844628226943314,"y":-0.9272123575210571,"z":0.37466028332710268,"w":0.0008080016123130918},"size":7.335546016693115,"orthographic":false}