{"cameraMode":{"drawMode":0,"name":"Shaded","section":"Shading Mode"},"sceneLighting":true,"audioPlay":false,"sceneViewState":{"m_AlwaysRefresh":false,"showFog":true,"showSkybox":true,"showFlares":true,"showImageEffects":true,"showParticleSystems":true,"showVisualEffectGraphs":true,"m_FxEnabled":true},"in2DMode":false,"pivot":{"x":1.8017728328704835,"y":0.8784478902816773,"z":2.2101552486419679},"rotation":{"x":-0.11985170096158982,"y":0.8454656600952148,"z":-0.21008867025375367,"w":-0.4768097400665283},"size":0.4556925892829895,"orthographic":false}