{"cameraMode":{"drawMode":0,"name":"Shaded","section":"Shading Mode"},"sceneLighting":true,"audioPlay":false,"sceneViewState":{"m_AlwaysRefresh":false,"showFog":true,"showSkybox":true,"showFlares":true,"showImageEffects":true,"showParticleSystems":true,"showVisualEffectGraphs":true,"m_FxEnabled":true},"in2DMode":false,"pivot":{"x":0.028520559892058374,"y":2.026643991470337,"z":-1.3281958103179932},"rotation":{"x":0.08187601715326309,"y":-0.8704235553741455,"z":0.15195006132125855,"w":0.461805522441864},"size":0.4556925892829895,"orthographic":false}